404.html	ae162768079e65033bd73e90fbfe761a4d3170d91669295faf67e12f75846446	ae162768079e65033bd73e90fbfe761a4d3170d91669295faf67e12f75846446	MATCH
assets/apple-touch-icon.png	0bd5b71bd117fa6399baa1bcb116a93be727d94ff3cfdb85049e806734a61e7e	0bd5b71bd117fa6399baa1bcb116a93be727d94ff3cfdb85049e806734a61e7e	MATCH
assets/auth-DhJdp8tZ.js	d7173fd941ff00e67d829ecc946aa8989bc2dae349c75049ae257e882ee46750	d7173fd941ff00e67d829ecc946aa8989bc2dae349c75049ae257e882ee46750	MATCH
assets/confirmation-console-fallback.svg	2d557e098f8f35854f0c4a153defabb675571834f30e70ffec619cb96ee4d218	2d557e098f8f35854f0c4a153defabb675571834f30e70ffec619cb96ee4d218	MATCH
assets/confirmation-console.webp	bda7dcdb2dd3501e7fb48791b6fc92623d89f15c3ef70ded8776cee068212a34	bda7dcdb2dd3501e7fb48791b6fc92623d89f15c3ef70ded8776cee068212a34	MATCH
assets/favicon.svg	9cfc81fb78edc63eb61b6c9db8e32110232de55af7cbc0c140c521c8e1b81e7e	9cfc81fb78edc63eb61b6c9db8e32110232de55af7cbc0c140c521c8e1b81e7e	MATCH
assets/main-BELu721o.js	4dd9bc0fb691e82f324c7e7c62f57d8c90d4e2d78f0589f63b28b2ca7336eacf	4dd9bc0fb691e82f324c7e7c62f57d8c90d4e2d78f0589f63b28b2ca7336eacf	MATCH
assets/social-card.jpg	027286b74f410d62ed75b0598a368f2d6d3747c9f78bf667cd4be185b3b7942a	027286b74f410d62ed75b0598a368f2d6d3747c9f78bf667cd4be185b3b7942a	MATCH
assets/styles-BRgow0Hu.css	20c8301dbe8371ab25a6ad0a81b0164d9325569cd05ebdc8e75944173ab41b0c	20c8301dbe8371ab25a6ad0a81b0164d9325569cd05ebdc8e75944173ab41b0c	MATCH
assets/styles-D9vuBSo5.js	d2a32840421496e872ade591618d2fa5c33797605d1aec04301717e5a90757d0	d2a32840421496e872ade591618d2fa5c33797605d1aec04301717e5a90757d0	MATCH
index.html	0dafe16416fbeb33612b061088764ac4bdd8300b08cc49bc94697a5c1cf0154d	0dafe16416fbeb33612b061088764ac4bdd8300b08cc49bc94697a5c1cf0154d	MATCH
robots.txt	a85ede625485f1915a1bfd432106361c9902d5a8983b7d4c2502e2f94584aee5	a85ede625485f1915a1bfd432106361c9902d5a8983b7d4c2502e2f94584aee5	MATCH
sitemap.xml	3fb42c93de8dcea2c5b800a60c15fb3da0f93eddbc62e7fd2d17f0922e9274ea	3fb42c93de8dcea2c5b800a60c15fb3da0f93eddbc62e7fd2d17f0922e9274ea	MATCH
sw.js	29c741a056f3a89cf3ad47942118e061a2e511cd65a7c8b785df30bd09c91f87	29c741a056f3a89cf3ad47942118e061a2e511cd65a7c8b785df30bd09c91f87	MATCH
